,year,base_income,add_adult,add_child,single_cost,circumstance_cost_low,circumstance_cost_mid,disposable_unit_low,disposable_unit_mid,disposable_unit_hi
0,2019,36331,4544.666666666667,19238.666666666668,5359.0,1000,2000,3000,4000,5000
1,2020,34288,5153.333333333333,19438.0,5035.666666666668,1000,2000,3000,4000,5000
2,2021,45520,5407.0,29891.0,8265.666666666664,2000,3000,5000,6500,7000
3,2022,50463,7671.333333333333,33949.666666666664,7704.6666666666715,2000,3000,5000,6500,7000
4,2023,46488,4494.666666666667,35656.0,8753.333333333336,2000,3000,5000,6500,7000
